STT,Name,Image URL,Profile URL
1,"Nguyễn Hoàng Dương","https://admin.checkscam.vn/wp-content/uploads/2021/04/117641146_10214270519277442_4820199700179888926_n-300x300-1-100x100.jpg","https://admin.checkscam.vn/nguyen-hoang-duong/"
2,"Tống Hoàng Phương Dương","https://admin.checkscam.vn/wp-content/uploads/2021/04/tonghoangphuongduong2-100x100.jpg","https://admin.checkscam.vn/tong-hoang-phuong-duong/"
3,"Nguyễn Hồng Dương","https://admin.checkscam.vn/wp-content/uploads/2025/07/z6804706405098_2e861f5097e7f375b994c7b530daa8b9-100x100.jpg","https://admin.checkscam.vn/nguyen-hong-duong/"
4,"Trần Ngọc Thu","https://admin.checkscam.vn/wp-content/uploads/2021/04/173802947_4493197124030755_7888370822291056048_n-100x100.jpg","https://admin.checkscam.vn/tran-ngoc-thu/"
5,"Phạm Văn Huy","https://admin.checkscam.vn/wp-content/uploads/2021/05/130606471_1825762840932720_8934909146776741886_n-100x100.jpg","https://admin.checkscam.vn/pham-van-huy/"
6,"Nguyễn Văn Phúc","https://admin.checkscam.vn/wp-content/uploads/2021/05/170332309_471680577514693_7518992508605030814_n-1-300x300-1-100x100.jpg","https://admin.checkscam.vn/nguyen-van-phuc/"
7,"Zolo","https://admin.checkscam.vn/wp-content/uploads/2021/05/189819894_390072618847259_4912028373207414949_n-300x300-1-100x100.jpg","https://admin.checkscam.vn/zolo/"
8,"Huỳnh Công Sang","https://admin.checkscam.vn/wp-content/uploads/2021/05/162435000_3856415314476858_852902248260549310_n-100x100.jpg","https://admin.checkscam.vn/huynh-cong-sang/"
9,"Huỳnh Lê Minh Hiếu","https://admin.checkscam.vn/wp-content/uploads/2021/06/137631395_2865987047056786_4133499444285109506_n-300x300-1-100x100.jpg","https://admin.checkscam.vn/huynh-le-minh-hieu/"
10,"Hoàng Văn Mạnh","https://admin.checkscam.vn/wp-content/uploads/2021/07/89399357ed2824767d39-300x300-1-100x100.jpg","https://admin.checkscam.vn/hoang-van-manh-2/"
11,"Bùi Đức Long","https://admin.checkscam.vn/wp-content/uploads/2021/08/233109670_1460879434280810_8502452870505539469_n-300x300-1-100x100.jpg","https://admin.checkscam.vn/bui-duc-long/"
12,"Đỗ Văn Mạnh","https://admin.checkscam.vn/wp-content/uploads/2021/08/7833d3f8204ed7108e5f-300x300-1-100x100.jpg","https://admin.checkscam.vn/do-van-manh/"
13,"Dương Thị Vân","https://admin.checkscam.vn/wp-content/uploads/2021/08/5ac6973e1f72e92cb063-100x100.jpg","https://admin.checkscam.vn/duong-thi-van/"
14,"Duy Nguyễn","https://admin.checkscam.vn/wp-content/uploads/2021/09/Screenshot_3-300x294-1-100x100.png","  https://www.adminn-checkscam.vn/duy-nguyen"
15,"Lò Văn Thực","https://admin.checkscam.vn/wp-content/uploads/2021/09/241634737_539734254021527_2909159176965348382_n-100x100.jpg","https://admin.checkscam.vn/lo-van-thuc/"
16,"Hoàng Mai Thuận","https://admin.checkscam.vn/wp-content/uploads/2021/09/z5792684823025_35716324930c71c538cfda2213f97523-100x100.jpg","https://admin.checkscam.vn/hoang-mai-thuan/"
17,"Phan Anh Quân","https://admin.checkscam.vn/wp-content/uploads/2021/09/243104293_263444628967385_7589294604629941466_n-300x300-1-100x100.jpg","https://admin.checkscam.vn/phan-anh-quan/"
18,"Phạm Phúc Thịnh","https://admin.checkscam.vn/wp-content/uploads/2021/09/243334921_546986829937279_1220039628549012152_n-300x300-1-100x100.png","https://admin.checkscam.vn/pham-phuc-thinh/"
19,"Nguyễn Hồng Ân","https://admin.checkscam.vn/wp-content/uploads/2021/10/Screenshot_1-100x100.png","https://admin.checkscam.vn/nguyen-hong-an/"
20,"Lê Văn Việt","https://admin.checkscam.vn/wp-content/uploads/2021/10/Screenshot_1-24-300x287-1-100x100.png","https://admin.checkscam.vn/le-van-viet/"
21,"XBOXTECH","https://admin.checkscam.vn/wp-content/uploads/2021/11/13ff0e3e55619a3fc370-300x300-1-100x100.jpg","https://admin.checkscam.vn/xboxtech/"
22,"Khang Khang","https://admin.checkscam.vn/wp-content/uploads/2021/11/27cf140c47ab8ff5d6ba-300x300-1-100x100.jpg","https://admin.checkscam.vn/khang-khang/"
23,"Đào Xuân Mạnh","https://admin.checkscam.vn/wp-content/uploads/2021/11/z5189012659290_6f231b554050dd1f09c97e62e6ba4ecc-100x100.jpg","https://admin.checkscam.vn/dao-xuan-manh/"
24,"NguyễN ThiệN","https://admin.checkscam.vn/wp-content/uploads/2022/02/272781506_4243517919081881_3948659355221627551_n-300x298-1-100x100.jpg","https://admin.checkscam.vn/nguyen-thien/"
25,"Trần Văn Vinh","https://admin.checkscam.vn/wp-content/uploads/2022/02/z6161244039890_f4d244adbedaee88c0b41d6b5d71c6e6-100x100.jpg","https://admin.checkscam.vn/tran-van-vinh/"
26,"Anh Mon Vũ","https://admin.checkscam.vn/wp-content/uploads/2022/03/Screenshot_2-6-300x282-1-100x100.png","https://admin.checkscam.vn/mon-tg/"
27,"Võ Xuân Sang","https://admin.checkscam.vn/wp-content/uploads/2022/03/275936359_1136737876898653_4019696039428761010_n-300x300-1-100x100.jpg","https://admin.checkscam.vn/vo-xuan-sang/"
28,"Nguyễn Văn Khôi","https://admin.checkscam.vn/wp-content/uploads/2022/03/275954615_1758359451033000_4162817746850665423_n-300x300-1-100x100.jpg","https://admin.checkscam.vn/nguyen-van-khoi/"
29,"Huỳnh Trung Tín","https://admin.checkscam.vn/wp-content/uploads/2022/03/275643427_392313465582004_3739466703097216835_n-300x300-1-100x100.jpg","https://admin.checkscam.vn/huynh-trung-tin/"
30,"Nguyễn Hoà","https://admin.checkscam.vn/wp-content/uploads/2022/03/z5031502855204_9dcf442fa5904eedc6d55feeec8dbe60-100x100.jpg","https://admin.checkscam.vn/nguyen-hoa/"
31,"Quốc Bảo","https://admin.checkscam.vn/wp-content/uploads/2022/06/z5235793096275_92de9639dd964fbc66420972ce8bbc17-100x100.jpg","https://admin.checkscam.vn/quoc-bao/"
32,"Tuấn Lê","https://admin.checkscam.vn/wp-content/uploads/2022/06/280929236_574594820683732_6100096797381869063_n-300x300-1-100x100.png","https://admin.checkscam.vn/tuan-le/"
33,"Công Lực","https://admin.checkscam.vn/wp-content/uploads/2022/06/z4631419006068_783ce4370e23784a6f71a5a2acdeb3ef-100x100.jpg","https://admin.checkscam.vn/cong-luc/"
34,"Trần Phạm Gia Huy","https://admin.checkscam.vn/wp-content/uploads/2022/06/z5425246391169_05c30b4aff47457c0ce76f17c4fbfa9d-100x100.jpg","https://admin.checkscam.vn/tran-pham-gia-huy/"
35,"Phạm Thủy Tiên","https://admin.checkscam.vn/wp-content/uploads/2022/06/z4314064564506_451895d38641a3c019ec1d76206a7c95-100x100.jpg","https://admin.checkscam.vn/pham-thuy-tien/"
36,"Hoàng Xuân","https://admin.checkscam.vn/wp-content/uploads/2022/06/z4349727123560_f6d23422ec423112c39d899b3fd628b5-100x100.jpg","https://admin.checkscam.vn/hoang-xuan/"
37,"Nguyễn Tiến Đại","https://admin.checkscam.vn/wp-content/uploads/2022/06/Screenshot_1-13-300x264-1-100x100.png","https://admin.checkscam.vn/nguyen-tien-dai/"
38,"Nguyễn Văn Điệu","https://admin.checkscam.vn/wp-content/uploads/2022/06/e7768c0cfa6e4c30157f-100x100.jpg","https://admin.checkscam.vn/nguyen-van-dieu/"
39,"Phan Thị Kim Quyến","https://admin.checkscam.vn/wp-content/uploads/2022/08/z5777656787389_948de9dcdf45f894fbbd602e14d841d0-100x100.jpg","https://admin.checkscam.vn/phan-thi-kim-quyen/"
40,"Hoàng Văn Tùng","https://admin.checkscam.vn/wp-content/uploads/2022/08/c9e8588c4ca457d4d33912977f0e4826-300x300-1-100x100.jpg","https://admin.checkscam.vn/hoang-van-tung/"
41,"Vương Xuân Giáp","https://admin.checkscam.vn/wp-content/uploads/2022/08/288359191_1087625802097698_2286009981787605469_n-300x300-1-100x100.jpg","https://admin.checkscam.vn/vuong-xuan-giap/"
42,"Đinh Duy Khánh","https://admin.checkscam.vn/wp-content/uploads/2022/08/3ab576512bc7ee99b7d6-269x300-1-100x100.jpg","https://admin.checkscam.vn/dinh-duy-khanh/"
43,"Nguyễn Hồ Thiện Bảo","https://admin.checkscam.vn/wp-content/uploads/2022/08/z5852043624341_d4eb865e059f1a356efc474df73ca132-100x100.jpg","https://admin.checkscam.vn/nguyen-ho-thien-bao/"
44,"Nguyễn Bằng","https://admin.checkscam.vn/wp-content/uploads/2022/08/z4289741284656_39dad9980cbadbd8b5e213e80aa3400f-100x100.jpg","https://admin.checkscam.vn/nguyen-bang/"
45,"Dương Hiếu","https://admin.checkscam.vn/wp-content/uploads/2023/01/z4600014279335_e51ae90d6928c35d3037f58b6e8697bf-100x100.jpg","https://admin.checkscam.vn/duong-hieu/"
46,"Đặng Đức Bình","https://admin.checkscam.vn/wp-content/uploads/2023/01/322013406_673420967612812_6525026562201546596_n-300x300-1-100x100.jpg","https://admin.checkscam.vn/dang-duc-binh/"
47,"Nguyễn Duy Phước","https://admin.checkscam.vn/wp-content/uploads/2023/01/z5232001346996_84ddf9f694b4cd418d94c405825d5318-100x100.jpg","https://admin.checkscam.vn/nguyen-duy-phuoc/"
48,"Nguyễn Văn Mạnh","https://admin.checkscam.vn/wp-content/uploads/2023/01/z4903410647546_29c8f95d73848633223b537392eb402e-100x100.jpg","https://admin.checkscam.vn/manh-marry-nv/"
49,"Phạm Ngọc Đình Khiêm","https://admin.checkscam.vn/wp-content/uploads/2023/01/322023416_830531341578603_1526551042497251195_n-1-300x180-1-100x100.jpg","https://admin.checkscam.vn/pham-ngoc-dinh-khiem/"
50,"Đỗ Đình Khải","https://admin.checkscam.vn/wp-content/uploads/2023/01/319069007_1663007757496684_3576993881968377972_n-280x300-1-100x100.jpg","https://admin.checkscam.vn/do-dinh-khai/"
51,"Lê Cảnh Thiên","https://admin.checkscam.vn/wp-content/uploads/2023/01/Screenshot_3-4-300x284-1-100x100.png","https://admin.checkscam.vn/le-canh-thien/"
52,"Phong Văn","https://admin.checkscam.vn/wp-content/uploads/2023/01/323175233_891703148852800_5666205551498528927_n-300x300-1-100x100.jpg","https://admin.checkscam.vn/phong-van/"
53,"Phạm Tuấn Tú","https://admin.checkscam.vn/wp-content/uploads/2023/01/317242466_699835411635782_7743743135601860417_n-300x180-1-100x100.jpg","https://admin.checkscam.vn/pham-tuan-tu/"
54,"Nguyễn Thi","https://admin.checkscam.vn/wp-content/uploads/2023/01/323379220_890466415423904_4583154037847628262_n-300x300-1-100x100.jpg","https://admin.checkscam.vn/nguyen-thi/"
55,"Vũ Văn Xương","https://admin.checkscam.vn/wp-content/uploads/2022/06/368361690_842484714159904_5380840576793849114_n-100x100.jpg","https://admin.checkscam.vn/xuongcs/"
56,"Phan Văn Phúc","https://admin.checkscam.vn/wp-content/uploads/2023/05/z4314768793970_5c49e2f447b337e5580cde6bf3b527b3-100x100.jpg","https://admin.checkscam.vn/phan-van-phuc/"
57,"Nguyễn Văn Hùng","https://admin.checkscam.vn/wp-content/uploads/2023/05/z4313625285376_cdf906be751ca10741428b17c1c0e6e2-100x100.jpg","https://admin.checkscam.vn/nguyen-van-hung-2/"
58,"Võ Chí Công","https://admin.checkscam.vn/wp-content/uploads/2023/05/z4316031918476_d2e14ed7ba78b4433058dc905e07b145-100x100.jpg","https://admin.checkscam.vn/vo-chi-cong/"
59,"Võ Thị Như Quỳnh","https://admin.checkscam.vn/wp-content/uploads/2023/05/z4580034136067_19180a376fc171c85f5e9cc8075d4e3e-100x100.jpg","https://admin.checkscam.vn/mina-minatren/"
60,"Thành Nhân","https://admin.checkscam.vn/wp-content/uploads/2023/05/z4316236278490_6e9be433664cf4cd6a9d646b8f23f4e8-100x100.jpg","https://admin.checkscam.vn/thanh-nhan/"
61,"Đoàn Đức Quốc","https://admin.checkscam.vn/wp-content/uploads/2023/05/z6944445448637_f96c3e2360743701ff1d32596f2473b4-100x100.jpg","https://admin.checkscam.vn/quoc-doan/"
62,"Thế Anh","https://admin.checkscam.vn/wp-content/uploads/2023/05/z6505585772959_e8de1928e947358d10f817d2905797b8-100x100.jpg","https://admin.checkscam.vn/the-anh/"
63,"Tạ Thanh An","https://admin.checkscam.vn/wp-content/uploads/2023/05/z4722939432753_2f7ca6b67bd45149a8bf36d0c1c880c6-100x100.jpg","https://admin.checkscam.vn/ta-thanh-an/"
64,"Dương Thế Anh","https://admin.checkscam.vn/wp-content/uploads/2023/05/z4565809145466_46f1bb51c64af54679de569e6d76ec52-100x100.jpg","https://admin.checkscam.vn/duong-the-anh/"
65,"Nguyễn Quang Minh","https://admin.checkscam.vn/wp-content/uploads/2023/05/z4316811555953_acfab96d3d9b99e6bd32cd3e1b67dbec-100x100.jpg","https://admin.checkscam.vn/nguyen-quang-minh/"
66,"Nguyễn Quốc Dương","https://admin.checkscam.vn/wp-content/uploads/2023/05/Screenshot_3-1-100x100.jpg","https://admin.checkscam.vn/nguyen-quoc-duong/"
67,"Nguyen Thuan","https://admin.checkscam.vn/wp-content/uploads/2023/05/z4318823064096_58648fa9d0d62f8a1a9fa072481bfe6e-100x100.jpg","https://admin.checkscam.vn/nguyen-thuan/"
68,"Võ Văn Hà","https://admin.checkscam.vn/wp-content/uploads/2023/05/Screenshot_2-1-100x100.jpg","https://admin.checkscam.vn/vo-van-ha/"
69,"Phạm Trọng Hùng","https://admin.checkscam.vn/wp-content/uploads/2023/05/z4319293203412_968eeed2d36703f971a6ff962eab2ae1-100x100.jpg","https://admin.checkscam.vn/pham-trong-hung/"
70,"Giản Viết Đức","https://admin.checkscam.vn/wp-content/uploads/2023/09/IMG_6043-Duc-Gian-100x100.jpeg","https://admin.checkscam.vn/gian-viet-duc/"
71,"Chu Quang Thắng","https://admin.checkscam.vn/wp-content/uploads/2023/09/IMG_20230830_212238-Quang-Thang-Chu-100x100.jpg","https://admin.checkscam.vn/chu-quang-thang/"
72,"Văn Lương","https://admin.checkscam.vn/wp-content/uploads/2023/09/3302D2E6-0F9F-4ECB-B63B-15DD6ADEAEB3-Van-Luong-100x100.jpeg","https://admin.checkscam.vn/van-luong/"
73,"Nguyễn Thanh Quang","https://admin.checkscam.vn/wp-content/uploads/2023/09/z5034062297127_e3c6a82da10f4895ab0db0515e174684-100x100.jpg","https://admin.checkscam.vn/nguyen-thanh-quang/"
74,"Nguyễn Đức Dương","https://admin.checkscam.vn/wp-content/uploads/2023/09/z7169245177630_4b176bab1b1f2c17c74fca6ade24314e-100x100.jpg","https://admin.checkscam.vn/nguyen-duc-duong/"
75,"Nguyễn Minh Tú","https://admin.checkscam.vn/wp-content/uploads/2023/09/138351997_1069582906880090_3427739352089854863_n-Cua-Con-Tv-100x100.jpg","https://admin.checkscam.vn/nguyen-minh-tu/"
76,"Văn Chung","https://admin.checkscam.vn/wp-content/uploads/2023/09/IMG_3324-huue-sjsj-100x100.jpeg","https://admin.checkscam.vn/van-chung/"
77,"Nguyễn Văn Sang","https://admin.checkscam.vn/wp-content/uploads/2023/09/Screenshot_2-2-100x100.png","https://admin.checkscam.vn/nguyen-van-sang/"
78,"Nguyễn Tiến Hoan","https://admin.checkscam.vn/wp-content/uploads/2023/09/Screenshot_4-1-100x100.png","https://admin.checkscam.vn/nguyen-tien-hoan/"
79,"Hoàng Hiệp","https://admin.checkscam.vn/wp-content/uploads/2023/09/Screenshot_1-3-100x100.png","https://admin.checkscam.vn/hoang-hiep/"
80,"TySeiSei","https://admin.checkscam.vn/wp-content/uploads/2023/09/z7163708744832_50f3da8392885007d538a55c014a002e-100x100.jpg","https://admin.checkscam.vn/tyseisei/"
81,"Thế Phi","https://admin.checkscam.vn/wp-content/uploads/2023/09/Screenshot_2-5-100x100.png","https://admin.checkscam.vn/the-phi/"
82,"Lăng Thành Công","https://admin.checkscam.vn/wp-content/uploads/2023/09/z6868050116822_33bc558de296a430344becbb0c283ea9-100x100.jpg","https://admin.checkscam.vn/lang-thanh-cong/"
83,"Lê Đình Thiên Duy","https://admin.checkscam.vn/wp-content/uploads/2023/09/z4671410944792_a233f0c3e851fdc9332ac56ace4e041b-100x100.jpg","https://admin.checkscam.vn/le-dinh-thien-duy/"
84,"Phan Đình Nhật Nghĩa","https://admin.checkscam.vn/wp-content/uploads/2023/09/z7376965630699_c40c57aced120aedbfc1e5bfeb8409da-100x100.jpg","https://admin.checkscam.vn/phan-dinh-nhat-nghia/"
85,"Võ Anh Quyết","https://admin.checkscam.vn/wp-content/uploads/2023/09/Screenshot_2-8-100x100.png","https://admin.checkscam.vn/vo-anh-quyet/"
86,"Thái Lê","https://admin.checkscam.vn/wp-content/uploads/2023/09/z7314865712087_a7151c8f4ece374412713abf57eeac65-100x100.jpg","https://admin.checkscam.vn/thai-le/"
87,"Phạm Quang Chức","https://admin.checkscam.vn/wp-content/uploads/2023/09/z6841776667939_1c6dd2e908f605c9c35a5990a52d6062-100x100.jpg","https://admin.checkscam.vn/pham-quang-chuc/"
88,"Lê Trần Minh Hiếu","https://admin.checkscam.vn/wp-content/uploads/2023/09/z4772794104995_474dfbf4683b222336302e036ca03861-100x100.jpg","https://admin.checkscam.vn/le-tran-minh-hieu/"
89,"Nong Van Hung","https://admin.checkscam.vn/wp-content/uploads/2023/09/avt-Hung-Nong-100x100.jpg","https://admin.checkscam.vn/nong-van-hung/"
90,"Phạm Thảo Linh","https://admin.checkscam.vn/wp-content/uploads/2023/09/z4700085191656_6943f45d94f0537781041553060501a6-100x100.jpg","https://admin.checkscam.vn/pham-thao-linh/"
91,"Nguyễn Triết","https://admin.checkscam.vn/wp-content/uploads/2023/09/Screenshot_4-5-100x100.png","https://admin.checkscam.vn/nguyen-triet/"
92,"Thiện Thắng","https://admin.checkscam.vn/wp-content/uploads/2023/09/IMG_0007-Conc-Vail-100x100.jpeg","https://admin.checkscam.vn/thien-thang/"
93,"Kim Tùng","https://admin.checkscam.vn/wp-content/uploads/2023/09/EA324CEF-23AC-468A-9940-F6A8D68B5D08-Tung-Kim-100x100.jpeg","https://admin.checkscam.vn/kim-tung/"
94,"Trần Minh Đức","https://admin.checkscam.vn/wp-content/uploads/2023/09/z6244356573686_b3387e159f614dff788c01af61fb0b2f-100x100.jpg","https://admin.checkscam.vn/tran-minh-duc/"
95,"Võ Xuân Lộc","https://admin.checkscam.vn/wp-content/uploads/2023/09/Screenshot_2-5-100x100.jpg","https://admin.checkscam.vn/vo-xuan-loc/"
96,"Nguyễn Phước","https://admin.checkscam.vn/wp-content/uploads/2023/09/IMG_2695-Bshshs-Huy-100x100.jpeg","https://admin.checkscam.vn/nguyen-phuoc/"
97,"Lê Như Ngọc","https://admin.checkscam.vn/wp-content/uploads/2023/09/z4765313401902_d57bbf0ce4c6880ffb39eecd9b7034d1-100x100.jpg","https://admin.checkscam.vn/le-nhu-ngoc/"
98,"Minh Vũ","https://admin.checkscam.vn/wp-content/uploads/2023/09/344266477_191494496616689_1035216116377018344_n-vu-tran-100x100.jpg","https://admin.checkscam.vn/minh-vu/"
99,"Nguyễn Thành Công","https://admin.checkscam.vn/wp-content/uploads/2023/09/IMG_3194-Fb-Phu-Acc-100x100.jpeg","https://admin.checkscam.vn/nguyen-thanh-cong-2/"
100,"Văn Chiến","https://admin.checkscam.vn/wp-content/uploads/2023/09/5D650140-80DA-44D8-8007-E17BB56C8DA1-Bui-Chien-100x100.jpeg","https://admin.checkscam.vn/van-chien/"
101,"Đỗ Kỳ Sơn","https://admin.checkscam.vn/wp-content/uploads/2023/09/DE2B52A2-91E5-4255-A4CC-E3867BDB099A-Hai-Do-100x100.jpeg","https://admin.checkscam.vn/do-ky-son/"
102,"Nguyễn Duy Long","https://admin.checkscam.vn/wp-content/uploads/2023/09/01A7224C-914D-4849-AB98-E9E72DF78A18-Duy-long-Nguyen-100x100.jpeg","https://admin.checkscam.vn/nguyen-duy-long/"
103,"Huy Phạm","https://admin.checkscam.vn/wp-content/uploads/2023/09/z5194928964833_a73ff18aaa6928588958f6dde46dc5c8-100x100.jpg","https://admin.checkscam.vn/huy-pham/"
104,"Phát Bùi","https://admin.checkscam.vn/wp-content/uploads/2023/09/z6010394199375_29deded034fdfcc712552885d00bd6c3-100x100.jpg","https://admin.checkscam.vn/phat-bui/"
105,"Nguyễn Thành Phú","https://admin.checkscam.vn/wp-content/uploads/2023/09/IMG_9518-Phu-Nguyen-100x100.jpeg","https://admin.checkscam.vn/nguyen-thanh-phu/"
106,"Phạm Sỹ Huấn","https://admin.checkscam.vn/wp-content/uploads/2023/09/350525365_1005204487517610_6758471746134613261_n-Sy-Huan-Pham-100x100.jpg","https://admin.checkscam.vn/pham-sy-huan/"
107,"Nguyễn Đăng Nam","https://admin.checkscam.vn/wp-content/uploads/2024/01/inbound7803606586875037528-Nam-Dang-100x100.jpg","https://admin.checkscam.vn/nguyen-dang-nam/"
108,"Bùi Khắc Chính","https://admin.checkscam.vn/wp-content/uploads/2024/01/IMG_6844-yet-tieu-100x100.jpeg","https://admin.checkscam.vn/bui-khac-chinh/"
109,"Long Mai","https://admin.checkscam.vn/wp-content/uploads/2024/01/1703912066031-Mai-Long-100x100.jpg","https://admin.checkscam.vn/long-mai/"
110,"Trần Gia Bảo","https://admin.checkscam.vn/wp-content/uploads/2024/01/logoboz-Boz-Tran-Dev-1-100x100.png","https://admin.checkscam.vn/tran-gia-bao/"
111,"Nguyễn Ngọc Tuân","https://admin.checkscam.vn/wp-content/uploads/2024/01/IMG_0172-Nguyen-Loc-100x100.jpeg","https://admin.checkscam.vn/nguyen-ngoc-tuan/"
112,"Nguyễn Ngọc Minh","https://admin.checkscam.vn/wp-content/uploads/2024/01/IMG_4621-khoi-anh-100x100.jpeg","https://admin.checkscam.vn/nguyen-ngoc-minh/"
113,"Lương Thảo","https://admin.checkscam.vn/wp-content/uploads/2024/01/IMG_8706-Thao-Luong-100x100.jpeg","https://admin.checkscam.vn/luong-thao/"
114,"Trần Qui Khôi","https://admin.checkscam.vn/wp-content/uploads/2024/01/715D93AC-D7AF-40BC-8885-BC676656FD0F-Khoi-Tran-100x100.jpeg","https://admin.checkscam.vn/tran-qui-khoi/"
115,"Thinh Cao","https://admin.checkscam.vn/wp-content/uploads/2024/01/inbound5747054118947859548-thinh-cao-100x100.jpg","https://admin.checkscam.vn/thinh-cao/"
116,"Phạm Xuân Thức","https://admin.checkscam.vn/wp-content/uploads/2024/01/IMG_4111-Pham-Xuan-Thuc-WhoisThuc-100x100.jpeg","https://admin.checkscam.vn/pham-xuan-thuc/"
117,"Nguyễn Tấn Mạnh","https://admin.checkscam.vn/wp-content/uploads/2024/01/avt-Manh-Nguyen-Tan-100x100.jpg","https://admin.checkscam.vn/nguyen-tan-manh/"
118,"Vi Hoai Nam","https://admin.checkscam.vn/wp-content/uploads/2024/01/IMG_3499-nam-vi-100x100.jpeg","https://admin.checkscam.vn/vi-hoai-nam/"
119,"PhạM Thành Hiếu","https://admin.checkscam.vn/wp-content/uploads/2024/01/IMG_0144-Thanh-hieu-Pham-100x100.jpeg","https://admin.checkscam.vn/pham-thanh-hieu/"
120,"Nguyễn Văn Khoái","https://admin.checkscam.vn/wp-content/uploads/2024/01/z5267349689324_562430ebe0d41a8c1ab22e06eea6e325-100x100.jpg","https://admin.checkscam.vn/nguyen-van-khoai/"
121,"Ngọc Ánh","https://admin.checkscam.vn/wp-content/uploads/2024/01/IMG_2355-Tin-Thanh-100x100.jpeg","https://admin.checkscam.vn/ngoc-anh/"
122,"Nguyễn Hiệp","https://admin.checkscam.vn/wp-content/uploads/2024/01/z5764377551222_792ec001842367f30eb6f65d5938ba7d-100x100.jpg","https://admin.checkscam.vn/nguyen-hiep/"
123,"Quỳnh Trang","https://admin.checkscam.vn/wp-content/uploads/2024/01/IMG_1457-Duong-1-100x100.jpeg","https://admin.checkscam.vn/quynh-trang/"
124,"Quan Expo","https://admin.checkscam.vn/wp-content/uploads/2024/01/9D6D5580-EEBF-464B-859B-9B08E20AE5AC-TTT-Group-100x100.jpeg","https://admin.checkscam.vn/quan-expo/"
125,"Trần Trọng Nghĩa","https://admin.checkscam.vn/wp-content/uploads/2024/01/z5082378836920_da2e23b21ac860ca29c64be6467bcc2a-100x100.jpg","https://admin.checkscam.vn/tran-trong-nghia/"
126,"Ngọc Huy","https://admin.checkscam.vn/wp-content/uploads/2024/01/IMG_20231230_171726-Huy-Ngoc-100x100.jpg","https://admin.checkscam.vn/ngoc-huy/"
127,"Êm Hoàng","https://admin.checkscam.vn/wp-content/uploads/2024/01/Screenshot_1-23-100x100.jpg","https://admin.checkscam.vn/em-hoang/"
128,"Ngô Văn Sáng","https://admin.checkscam.vn/wp-content/uploads/2024/01/1704030387116-Sang-Ngo-Van-100x100.jpg","https://admin.checkscam.vn/ngo-van-sang/"
129,"Linh Linh","https://admin.checkscam.vn/wp-content/uploads/2024/01/anh-dai-dien-Linh-Nguyen-Thuy-100x100.jpg","https://admin.checkscam.vn/linh-linh/"
130,"Phạm Phước","https://admin.checkscam.vn/wp-content/uploads/2024/01/inbound1030116435615131410-Phuoc-Pham-100x100.jpg","https://admin.checkscam.vn/pham-phuoc/"
131,"Trần Trung Ciên","https://admin.checkscam.vn/wp-content/uploads/2024/01/IMG_3734-Kien-Tran-100x100.jpg","https://admin.checkscam.vn/tran-trung-cien/"
132,"Nguyễn Văn Hiếu","https://admin.checkscam.vn/wp-content/uploads/2024/01/IMG_0013-Hieu-Nguyen-100x100.jpeg","https://admin.checkscam.vn/nguyen-van-hieu-2/"
133,"Trần Việt Chung","https://admin.checkscam.vn/wp-content/uploads/2024/05/IMG_9088-Viet-Chung-Tran-100x100.jpeg","https://admin.checkscam.vn/tran-viet-chung/"
134,"Đỗ Trung Thành","https://admin.checkscam.vn/wp-content/uploads/2024/05/avt-cs-Thanh-Mom-100x100.jpg","https://admin.checkscam.vn/do-trung-thanh/"
135,"Bùi Đình Đạt","https://admin.checkscam.vn/wp-content/uploads/2024/05/IMG_8700-Dat-Bui-Tv-100x100.jpeg","https://admin.checkscam.vn/bui-dinh-dat/"
136,"Đăng Vĩnh","https://admin.checkscam.vn/wp-content/uploads/2024/05/IMG_5360-Ho-Dang-Vinh-100x100.jpeg","https://admin.checkscam.vn/dang-vinh/"
137,"Đào Văn Đạt","https://admin.checkscam.vn/wp-content/uploads/2024/05/anh-dai-dien-daumeo92-100x100.jpg","https://admin.checkscam.vn/dao-van-dat/"
138,"Ánh Hồng","https://admin.checkscam.vn/wp-content/uploads/2024/05/z5416492644195_06ba79fe454760b549753aed864960c8-100x100.jpg","https://admin.checkscam.vn/anh-hong/"
139,"Phan Đạt","https://admin.checkscam.vn/wp-content/uploads/2024/05/IMG_0965-Thanh-Dat-Phan-Nguyen-100x100.jpg","https://admin.checkscam.vn/phan-dat/"
140,"Sáng Trần","https://admin.checkscam.vn/wp-content/uploads/2024/05/Screenshot_3-3-100x100.png","https://admin.checkscam.vn/sang-tran/"
141,"Lê Đình Phước","https://admin.checkscam.vn/wp-content/uploads/2024/05/Screenshot_3-4-100x100.png","https://admin.checkscam.vn/le-dinh-phuoc/"
142,"Võ Văn Hoàng","https://admin.checkscam.vn/wp-content/uploads/2024/05/z5419136809000_02f82c6f373322caedf54e4ad00f2887-100x100.jpg","https://admin.checkscam.vn/vo-van-hoang/"
143,"Nguyễn Xuân Đại","https://admin.checkscam.vn/wp-content/uploads/2024/05/IMG_4839-06.-Nguyen-Xuan-Dai-100x100.jpeg","https://admin.checkscam.vn/nguyen-xuan-dai/"
144,"Trần Minh Hoàng","https://admin.checkscam.vn/wp-content/uploads/2024/05/FB_IMG_1714805246508-Tran-Minh-Hoang-100x100.jpg","https://admin.checkscam.vn/tran-minh-hoang/"
145,"Vũ Quang Huy","https://admin.checkscam.vn/wp-content/uploads/2024/05/z5857300084755_abc2f2696a360938410650b79b5ea3f3-100x100.jpg","https://admin.checkscam.vn/vu-quang-huy/"
146,"Chu Thúy Quỳnh","https://admin.checkscam.vn/wp-content/uploads/2024/05/IMG_8842-Quynh-Chu-100x100.jpeg","https://admin.checkscam.vn/chu-thuy-quynh/"
147,"Vũ Văn Quý","https://admin.checkscam.vn/wp-content/uploads/2024/05/IMG_3727-Luong-Quoc-100x100.jpeg","https://admin.checkscam.vn/vu-van-quy/"
148,"Hiếu Công Tử","https://admin.checkscam.vn/wp-content/uploads/2024/09/IMG_9071-Hieu-Soi-Vlog-100x100.jpeg","https://admin.checkscam.vn/hieu-cong-tu/"
149,"Tuấn Vũ","https://admin.checkscam.vn/wp-content/uploads/2024/09/z7319836433712_c9d58de19ade055e2e85b399eb244c74-100x100.jpg","https://admin.checkscam.vn/tuan-vu/"
150,"Lợi Phạm Diễm Phước","https://admin.checkscam.vn/wp-content/uploads/2024/09/z7427135365406_9083dd75a0679477b3692a7e908f7fc0-100x100.jpg","https://admin.checkscam.vn/pham-phuoc-loi/"
151,"Hoàng Đạt","https://admin.checkscam.vn/wp-content/uploads/2024/09/z7490123776684_5a4a46b8edf9783a2b638105cd445f85-100x100.jpg","https://admin.checkscam.vn/hoang-dat/"
152,"Tuấn Kiệt","https://admin.checkscam.vn/wp-content/uploads/2024/09/z5804261149647_797e7089f8088e80c63a56b3f31eeca8-Maymay-Mytmyt-100x100.jpg","https://admin.checkscam.vn/tuan-kiet/"
153,"Hoang Nam","https://admin.checkscam.vn/wp-content/uploads/2024/09/IMG_9501-tiemcuibap-sv5-100x100.jpeg","https://admin.checkscam.vn/hoang-nam/"
154,"Đỗ Văn Mẫn","https://admin.checkscam.vn/wp-content/uploads/2024/09/inbound8050593200175618594-Man-Dovan-100x100.jpg","https://admin.checkscam.vn/do-van-man/"
155,"Thanh Tân","https://admin.checkscam.vn/wp-content/uploads/2024/09/z6503197267545_ff8414fe188b53eeea58ea39afcb4388-100x100.jpg","https://admin.checkscam.vn/thanh-tan/"
156,"Lê Quang Huy","https://admin.checkscam.vn/wp-content/uploads/2025/07/Screenshot_1-100x100.jpg","https://admin.checkscam.vn/le-quang-huy/"
157,"Điền Đông","https://admin.checkscam.vn/wp-content/uploads/2024/09/inbound5169353751978830172-A1-09-Luong-Dien-Dong-100x100.jpg","https://admin.checkscam.vn/dien-dong/"
158,"Đào Tú Nguyên","https://admin.checkscam.vn/wp-content/uploads/2024/09/IMG_3374-Nguyen-Dao-Ngoc-Tu-100x100.jpeg","https://admin.checkscam.vn/dao-tu-nguyen/"
159,"Nguyễn Vân","https://admin.checkscam.vn/wp-content/uploads/2024/09/IMG_8445-Van-Nguyen-100x100.jpeg","https://admin.checkscam.vn/nguyen-bich-van/"
160,"Nguyễn Ngọc Hiền","https://admin.checkscam.vn/wp-content/uploads/2024/09/IMG_3631-Hien-Nguyen-100x100.jpeg","https://admin.checkscam.vn/nguyen-ngoc-hien/"
161,"Nguyễn Thanh Ny","https://admin.checkscam.vn/wp-content/uploads/2024/09/Screenshot_3-3-100x100.png","https://admin.checkscam.vn/nguyen-thanh-ny/"
162,"Nhật Trường","https://admin.checkscam.vn/wp-content/uploads/2024/09/IMG_9401-tryong-nguyen-nhat-100x100.jpeg","https://admin.checkscam.vn/nhat-truong/"
163,"Trần Kiên","https://admin.checkscam.vn/wp-content/uploads/2024/09/450430257_1512266369691901_8732555705654154306_n-Tran-Kien-100x100.jpg","https://admin.checkscam.vn/tran-kien/"
164,"Nguyễn Đức Minh","https://admin.checkscam.vn/wp-content/uploads/2024/09/IMG_0842-Minh-Nguyen-100x100.jpeg","https://admin.checkscam.vn/nguyen-duc-minh/"
165,"Ngô Thành Đạt","https://admin.checkscam.vn/wp-content/uploads/2024/09/z6522835101668_bde0a6251ebd63401b3c5df71ff29a71-100x100.jpg","https://admin.checkscam.vn/ngo-thanh-dat/"
166,"Nguyễn Văn Tiến","https://admin.checkscam.vn/wp-content/uploads/2024/09/IMG_2891-Nguyen-Van-Tien-100x100.jpeg","https://admin.checkscam.vn/nguyen-van-tien/"
167,"Võ Trọng Nhân","https://admin.checkscam.vn/wp-content/uploads/2024/09/IMG_0243-Nhan-Vo-100x100.jpeg","https://admin.checkscam.vn/vo-trong-nhan/"
168,"Mã Phi Hùng","https://admin.checkscam.vn/wp-content/uploads/2024/09/IMG_7622-Ma-Phi-Hung-100x100.jpeg","https://admin.checkscam.vn/ma-phi-hung/"
169,"Huy Nam","https://admin.checkscam.vn/wp-content/uploads/2024/09/IMG_4067-Huy-Tran-100x100.jpeg","https://admin.checkscam.vn/huy-nam/"
170,"Thanh Long","https://admin.checkscam.vn/wp-content/uploads/2024/09/3FE0A6D7-6082-490E-AF81-F1926A6C912B-Thich-Hat-Va-Game-100x100.jpeg","https://admin.checkscam.vn/thanh-long/"
171,"Nguyễn Cảnh Tú","https://admin.checkscam.vn/wp-content/uploads/2024/09/Screenshot_1-7-100x100.jpg","https://admin.checkscam.vn/nguyen-canh-tu/"
172,"Nguyễn Tuân","https://admin.checkscam.vn/wp-content/uploads/2024/09/IMG_1866-39-Tuan-Nguyen-100x100.jpeg","https://admin.checkscam.vn/nguyen-tuan/"
173,"Hoàng Hữu Huy","https://admin.checkscam.vn/wp-content/uploads/2024/10/Screenshot_1-2-100x100.png","https://admin.checkscam.vn/hoang-huu-huy/"
174,"Nguyễn Minh Thuận","https://admin.checkscam.vn/wp-content/uploads/2024/10/IMG_2452-Hai-Dang-Nguyen-100x100.jpeg","https://admin.checkscam.vn/nguyen-minh-thuan/"
175,"Trần Phương Nam","https://admin.checkscam.vn/wp-content/uploads/2024/10/IMG_6646-Nam-Tran-100x100.jpeg","https://admin.checkscam.vn/tran-phuong-nam/"
176,"Minh Thúy","https://admin.checkscam.vn/wp-content/uploads/2024/10/Screenshot_2-1-100x100.png","https://admin.checkscam.vn/minh-thuy/"
177,"Nguyễn Đức Tài","https://admin.checkscam.vn/wp-content/uploads/2024/01/4F83FCA3-B79F-4A28-9409-9979436276EC-CHICKEN-FF-100x100.jpeg","https://admin.checkscam.vn/nguyen-duc-tai/"
178,"Võ Văn Tuấn","https://admin.checkscam.vn/wp-content/uploads/2024/10/quality_restoration_20241004170524817-Van-Tuan-100x100.jpeg","https://admin.checkscam.vn/vo-van-tuan/"
179,"Phạm Nguyễn Phước Danh","https://admin.checkscam.vn/wp-content/uploads/2024/11/IMG_6482-Danh-Cong-100x100.jpeg","https://admin.checkscam.vn/nguyen-danh/"
180,"Huỳnh Nam","https://admin.checkscam.vn/wp-content/uploads/2024/11/z6281277947968_35fe7de79ef5ff28d73007af75bcf1aa-100x100.jpg","https://admin.checkscam.vn/huynh-nam/"
181,"Nguyễn Long","https://admin.checkscam.vn/wp-content/uploads/2024/11/Screenshot_1-7-100x100.png","https://admin.checkscam.vn/nguyen-long/"
182,"Trần Sang","https://admin.checkscam.vn/wp-content/uploads/2024/11/IMG_2683-Sang-Nguyen-100x100.jpeg","https://admin.checkscam.vn/tran-sang/"
183,"Quân Vũ","https://admin.checkscam.vn/wp-content/uploads/2024/11/1718720169630-Quan-Vu-100x100.jpg","https://admin.checkscam.vn/quan-vu/"
184,"Phúc Phạm","https://admin.checkscam.vn/wp-content/uploads/2024/11/IMG_4527-Phuc-Pin-100x100.jpeg","https://admin.checkscam.vn/phuc-pham/"
185,"Nguyễn Cảnh Trường","https://admin.checkscam.vn/wp-content/uploads/2024/11/IMG_2503-100x100.jpeg","https://admin.checkscam.vn/nguyen-canh-truong/"
186,"Dang Duc Tri","https://admin.checkscam.vn/wp-content/uploads/2024/12/72FBAB4A-78D9-425A-99B7-0F6E3D14A499-tri-dang-100x100.jpeg","https://admin.checkscam.vn/dang-duc-tri/"
187,"Mạnh Tưởng","https://admin.checkscam.vn/wp-content/uploads/2024/12/IMG_3501-Manh-tuong-Nguyen-vuong-100x100.jpeg","https://admin.checkscam.vn/manh-tuong/"
188,"Thành Hoàng","https://admin.checkscam.vn/wp-content/uploads/2024/12/Screenshot_1-7-100x100.jpg","https://admin.checkscam.vn/thanh-hoang/"
189,"Phạm Hiếu","https://admin.checkscam.vn/wp-content/uploads/2024/12/IMG_6003-Hieu-Pham-100x100.jpeg","https://admin.checkscam.vn/pham-hieu/"
190,"Long Lê","https://admin.checkscam.vn/wp-content/uploads/2024/12/IMG_9405-Long-Le-100x100.jpeg","https://admin.checkscam.vn/long-le/"
191,"Huỳnh Tấn Danh","https://admin.checkscam.vn/wp-content/uploads/2025/01/IMG_6384-THAO-TRAN-100x100.jpeg","https://admin.checkscam.vn/huynh-tan-danh/"
192,"Đức Hải","https://admin.checkscam.vn/wp-content/uploads/2025/01/quality_restoration_20240316223111962-Duc-Hai-Official-100x100.jpeg","https://admin.checkscam.vn/duc-hai/"
193,"Hoàng Đức Tâm","https://admin.checkscam.vn/wp-content/uploads/2025/01/Nhom-Nhac-Bts-Tam-Hoang-100x100.jpg","https://admin.checkscam.vn/hoang-duc-tam/"
194,"Hoà Đinh","https://admin.checkscam.vn/wp-content/uploads/2025/02/z6609625951571_969ffaf1651b10fac8533f15078641c9-100x100.jpg","https://admin.checkscam.vn/hoa-dinh/"
195,"Trần Văn Nam","https://admin.checkscam.vn/wp-content/uploads/2025/02/IMG_2079-Tran-Nam-100x100.jpeg","https://admin.checkscam.vn/tran-van-nam/"
196,"Lê Huy","https://admin.checkscam.vn/wp-content/uploads/2025/02/Hnet.com-image-2-Duy-Nguyen-Chi-100x100.jpg","https://admin.checkscam.vn/le-huy/"
197,"Ngô Văn Thân","https://admin.checkscam.vn/wp-content/uploads/2025/02/Screenshot_1-8-100x100.jpg","https://admin.checkscam.vn/ngo-van-than/"
198,"DươnG NguyễN","https://admin.checkscam.vn/wp-content/uploads/2025/03/Screenshot_2-9-100x100.jpg","https://admin.checkscam.vn/duong-nguyen/"
199,"Nguyen Anh Phuc","https://admin.checkscam.vn/wp-content/uploads/2025/03/IMG_7444-Facebook-Thu-Thuat-100x100.jpeg","https://admin.checkscam.vn/nguyen-anh-phuc/"
200,"Nguyễn Tấn Khoa","https://admin.checkscam.vn/wp-content/uploads/2025/03/z6764631399185_01dd70bd1bac46541d36b8722138cddf-100x100.jpg","https://admin.checkscam.vn/nguyen-tan-khoa/"
201,"Hoài Nam","https://admin.checkscam.vn/wp-content/uploads/2025/03/Screenshot_2-1-100x100.jpg","https://admin.checkscam.vn/hoai-nam/"
202,"Bùi Đức Duy","https://admin.checkscam.vn/wp-content/uploads/2025/03/z6392636207750_f4934072f5bf0d7a08d6c9eee5269593-BDD-tv-100x100.jpg","https://admin.checkscam.vn/bui-duc-duy/"
203,"Trần Thiên Vũ","https://admin.checkscam.vn/wp-content/uploads/2025/03/IMG_3683-Vu-Tran-Thien-100x100.jpeg","https://admin.checkscam.vn/tran-thien-vu/"
204,"Đoàn Tuấn Minh","https://admin.checkscam.vn/wp-content/uploads/2025/03/Screenshot_1-5-100x100.jpg","https://admin.checkscam.vn/doan-tuan-minh/"
205,"Mai Hoàng Hải","https://admin.checkscam.vn/wp-content/uploads/2025/03/z7304748898522_105c67039bcbc4e9435132d504f5b414-100x100.jpg","https://admin.checkscam.vn/mai-hoang-hai/"
206,"Mai Tuyển","https://admin.checkscam.vn/wp-content/uploads/2025/04/IMG_5854-Mai-Tuyen-100x100.jpeg","https://admin.checkscam.vn/mai-tuyen/"
207,"Ngô Tiến Đạt","https://admin.checkscam.vn/wp-content/uploads/2025/04/IMG_3794-Dat-Ngo-Tien-100x100.jpeg","https://admin.checkscam.vn/ngo-tien-dat/"
208,"Phan Ngọc Anh Long","https://admin.checkscam.vn/wp-content/uploads/2025/04/IMG_4128-Anh-Long-Phan-Ngoc-100x100.jpeg","https://admin.checkscam.vn/phan-ngoc-anh-long/"
209,"Phạm Tuân","https://admin.checkscam.vn/wp-content/uploads/2025/04/z7394668195511_4ef98492cc0b18fe77ae509da75314b9-100x100.jpg","https://admin.checkscam.vn/pham-tuan/"
210,"Tô Phương Anh","https://admin.checkscam.vn/wp-content/uploads/2025/04/IMG_4882-Phuong-Anh-To-100x100.jpeg","https://admin.checkscam.vn/to-phuong-anh/"
211,"Võ Sỹ Hoàng","https://admin.checkscam.vn/wp-content/uploads/2025/04/Screenshot_1-5-100x100.jpg","https://admin.checkscam.vn/vo-sy-hoang/"
212,"Diệp Thiên Vương","https://admin.checkscam.vn/wp-content/uploads/2025/04/Screenshot_1-6-100x100.jpg","https://admin.checkscam.vn/diep-thien-vuong/"
213,"Trần Thái Sơn","https://admin.checkscam.vn/wp-content/uploads/2025/05/494482804_1224770772697093_6213670790387301535_n-Son-Tran-Thai-100x100.jpg","https://admin.checkscam.vn/tran-thai-son/"
214,"Nguyên Nguyễn","https://admin.checkscam.vn/wp-content/uploads/2025/05/Screenshot_1-1-100x100.jpg","https://admin.checkscam.vn/nguyen-nguyen/"
215,"Ngô Tuấn Hùng","https://admin.checkscam.vn/wp-content/uploads/2025/05/z6575389775157_a8813178bb20b736b2331696bc3ce2e0-Hung-Ngo-tuan-100x100.jpg","https://admin.checkscam.vn/ngo-tuan-hung/"
216,"Phạm Ngọc Trìu","https://admin.checkscam.vn/wp-content/uploads/2025/05/Screenshot_4-100x100.jpg","https://admin.checkscam.vn/pham-ngoc-triu/"
217,"Lê Hoàng Phúc","https://admin.checkscam.vn/wp-content/uploads/2025/05/IMG_6956-Le-Hoang-Phuc-1-100x100.jpeg","https://admin.checkscam.vn/le-hoang-phuc/"
218,"Tuấn Việt","https://admin.checkscam.vn/wp-content/uploads/2025/05/477296268_2726373647549420_8851182590958210779_n-Nhim-Coldly-Official-100x100.jpg","https://admin.checkscam.vn/tuan-viet-nhim-coldly/"
219,"The Manh","https://admin.checkscam.vn/wp-content/uploads/2025/05/z6844289468369_009bc88b156b7af885419e6a019d6a69-100x100.jpg","https://admin.checkscam.vn/the-manh/"
220,"Hoàng Trường Giang","https://admin.checkscam.vn/wp-content/uploads/2025/05/Screenshot_2-2-100x100.jpg","https://admin.checkscam.vn/hoang-truong-giang/"
221,"Quách Nghị","https://admin.checkscam.vn/wp-content/uploads/2025/05/Screenshot_1-3-100x100.jpg","https://admin.checkscam.vn/quach-nghi/"
222,"Nguyễn Văn Dũng","https://admin.checkscam.vn/wp-content/uploads/2025/05/z6586797748730_05f9e1fa4977d6ad602292d844e0539e-Fml1-100x100.jpg","https://admin.checkscam.vn/nguyen-van-dung/"
223,"Phạm Văn Duy","https://admin.checkscam.vn/wp-content/uploads/2025/05/avt-Fam-8-100x100.jpg","https://admin.checkscam.vn/pham-van-duy/"
224,"Thanh Tín","https://admin.checkscam.vn/wp-content/uploads/2025/05/IMG_5899-Faker-100x100.jpeg","https://admin.checkscam.vn/thanh-tin/"
225,"Hải Nguyễn","https://admin.checkscam.vn/wp-content/uploads/2025/05/photo_2025-05-21_16-40-48-mmo9999-Vn-100x100.jpg","https://admin.checkscam.vn/hai-nguyen/"
226,"Ngô Thị Huyền Trang","https://admin.checkscam.vn/wp-content/uploads/2023/09/371081970_1024754861880776_8565583399619215230_n-Huyen-Trang-Ngo-thi-100x100.jpg","https://admin.checkscam.vn/ngo-thi-huyen-trang/"
227,"Minh Đức","https://admin.checkscam.vn/wp-content/uploads/2025/06/IMG_6633-Minh-Duc-100x100.jpeg","https://admin.checkscam.vn/minh-duc/"
228,"Lương Đức Anh","https://admin.checkscam.vn/wp-content/uploads/2025/06/IMG_3681-DucAnh-Luong-100x100.jpeg","https://admin.checkscam.vn/luong-duc-anh/"
229,"Khoa Nguyễn","https://admin.checkscam.vn/wp-content/uploads/2025/07/Screenshot_1-1-100x100.jpg","https://admin.checkscam.vn/khoa-nguyen/"
230,"Minh Toàn","https://admin.checkscam.vn/wp-content/uploads/2025/07/z6663530600544_270210de289d78183e833b309e515d76-Toan-Duong-100x100.jpg","https://admin.checkscam.vn/minh-toan/"
231,"Nguyễn Văn Vũ","https://admin.checkscam.vn/wp-content/uploads/2025/07/Screenshot_2-100x100.jpg","https://admin.checkscam.vn/nguyen-van-vu/"
232,"Hoàng Nguyên","https://admin.checkscam.vn/wp-content/uploads/2025/07/4c33c638aa0a1d54441b-1-Nguyen-Truong-Thanh-100x100.jpg","https://admin.checkscam.vn/hoang-nguyen/"
233,"Văn Dũng","https://admin.checkscam.vn/wp-content/uploads/2025/07/Screenshot_2-1-100x100.jpg","https://admin.checkscam.vn/van-dung/"
234,"Chú Bé","https://admin.checkscam.vn/wp-content/uploads/2025/07/Screenshot_1-16-100x100.jpg","https://admin.checkscam.vn/ngo-van-khanh/"
235,"Nguyễn Quốc Trận","https://admin.checkscam.vn/wp-content/uploads/2025/07/Screenshot_1-4-100x100.jpg","https://admin.checkscam.vn/nguyen-quoc-tran/"
236,"Lý Minh Tuấn","https://admin.checkscam.vn/wp-content/uploads/2025/07/Screenshot_1-6-100x100.jpg","https://admin.checkscam.vn/ly-minh-tuan/"
237,"Phạm Gia Khiêm","https://admin.checkscam.vn/wp-content/uploads/2025/07/Screenshot_2-2-100x100.jpg","https://admin.checkscam.vn/pham-gia-khiem/"
238,"Bích Tuyền","https://admin.checkscam.vn/wp-content/uploads/2025/07/z7442275279572_a6f5dc9d9a54f6adcdcf2702b96c08d2-100x100.jpg","https://admin.checkscam.vn/bich-tuyen/"
239,"Trần Thái Dương","https://admin.checkscam.vn/wp-content/uploads/2025/07/Screenshot_2-1-100x100.jpg","https://admin.checkscam.vn/tran-thai-duong/"
240,"Trần Văn Anh","https://admin.checkscam.vn/wp-content/uploads/2025/07/Screenshot_1-15-100x100.jpg","https://admin.checkscam.vn/tran-van-anh/"
241,"Nguyễn Duy Quang","https://admin.checkscam.vn/wp-content/uploads/2025/07/Screenshot_1-10-100x100.jpg","https://admin.checkscam.vn/nguyen-duy-quang/"
242,"Nguyễn Ngọc Hân","https://admin.checkscam.vn/wp-content/uploads/2025/07/anh-NGUYEN-HAN-100x100.jpg","https://admin.checkscam.vn/nguyen-ngoc-han/"
243,"Việt Hào","https://admin.checkscam.vn/wp-content/uploads/2025/08/avt-Viet-Hao-100x100.jpg","https://admin.checkscam.vn/viet-hao/"
244,"Hồng Kông","https://admin.checkscam.vn/wp-content/uploads/2025/08/480478712_1737040127219361_3701582200401422037_n-Kong-By-100x100.jpg","https://admin.checkscam.vn/hong-kong/"
245,"Cường Thịnh","https://admin.checkscam.vn/wp-content/uploads/2025/08/FB_IMG_1754629166283-Thinh-Official-100x100.jpg","https://admin.checkscam.vn/cuong-thinh/"
246,"Phùng Ngọc Vũ","https://admin.checkscam.vn/wp-content/uploads/2025/08/12-Ryder-Moon-100x100.jpg","https://admin.checkscam.vn/phung-ngoc-vu/"
247,"Xuân Mạnh","https://admin.checkscam.vn/wp-content/uploads/2025/08/z6885907145185_f5474397c968ca89945c2bd92407d0a6-Anh-Tuc-100x100.jpg","https://admin.checkscam.vn/xuan-manh/"
248,"Nguyễn Vũ Luân","https://admin.checkscam.vn/wp-content/uploads/2025/08/z7213974835794_227889f87c7843e50bf6ba8bb1ccb3d5-100x100.jpg","https://admin.checkscam.vn/nguyen-vu-luan/"
249,"Ngô Đình Nam","https://admin.checkscam.vn/wp-content/uploads/2025/08/b7c097a8e9e061be38f1-Tom-Cruise-100x100.jpg","https://admin.checkscam.vn/ngo-dinh-nam/"
250,"Nguyễn Huỳnh Trung Hiếu","https://admin.checkscam.vn/wp-content/uploads/2025/08/Screenshot_2-1-100x100.jpg","https://admin.checkscam.vn/nguyen-huynh-trung-hieu/"
251,"Chí Thoại","https://admin.checkscam.vn/wp-content/uploads/2025/08/quality_restoration_20250801151521209-Thoai-Chi-100x100.jpg","https://admin.checkscam.vn/chi-thoai/"
252,"Chu Công Tuyên","https://admin.checkscam.vn/wp-content/uploads/2025/08/IMG_2415-Top-5-Nhac-Gay-Nghien-100x100.jpeg","https://admin.checkscam.vn/chu-cong-tuyen/"
253,"Nguyễn Trung Kiên","https://admin.checkscam.vn/wp-content/uploads/2025/08/avt-Bao-Tran-100x100.jpg","https://admin.checkscam.vn/nguyen-trung-kien/"
254,"Trọng Tín","https://admin.checkscam.vn/wp-content/uploads/2025/08/Screenshot_1-6-100x100.jpg","https://admin.checkscam.vn/trong-tin/"
255,"Anh Meo","https://admin.checkscam.vn/wp-content/uploads/2025/08/486364856_1707166283542315_6675699360170753338_n-meo-ngo-100x100.jpg","https://admin.checkscam.vn/anh-meo/"
256,"Văn Mạnh","https://admin.checkscam.vn/wp-content/uploads/2025/08/z7140284409403_dc72cef1ce306be3fe13f2f7caa06853-100x100.jpg","https://admin.checkscam.vn/van-manh/"
257,"Nguyễn Trung","https://admin.checkscam.vn/wp-content/uploads/2025/08/IMG_4266-TRUNG-NGUYEN-100x100.jpeg","https://admin.checkscam.vn/nguyen-trung/"
258,"Nguyễn Quốc Hưng","https://admin.checkscam.vn/wp-content/uploads/2025/08/FB_IMG_1754793330670-Hung-Nguyen-100x100.jpg","https://admin.checkscam.vn/nguyen-quoc-hung/"
259,"Khắc Phi","https://admin.checkscam.vn/wp-content/uploads/2025/08/1755502066945-8.1-34-Le-Ngo-Khac-Phi-100x100.jpg","https://admin.checkscam.vn/khac-phi/"
260,"Nguyễn Quốc Thái","https://admin.checkscam.vn/wp-content/uploads/2025/08/490044015_8934349979998313_5041017826806651387_n-Thai-Nguyen-100x100.jpg","https://admin.checkscam.vn/nguyen-quoc-thai/"
261,"Nguyễn Phú Giàu","https://admin.checkscam.vn/wp-content/uploads/2025/08/2437114747743428511-100x100.jpg","https://admin.checkscam.vn/nguyen-phu-giau/"
262,"Trần Ngọc Viễn","https://admin.checkscam.vn/wp-content/uploads/2025/08/FB_IMG_1755537179415-Ngu-Kieu-100x100.jpg","https://admin.checkscam.vn/tran-ngoc-vien/"
263,"Tuấn Tĩnh","https://admin.checkscam.vn/wp-content/uploads/2025/08/IMG_20250819_130532-베이비-ᅳᅳ-100x100.jpg","https://admin.checkscam.vn/tuan-tinh/"
264,"Phan Khôii","https://admin.checkscam.vn/wp-content/uploads/2025/08/IMG_5646-Khoi-Phan-100x100.jpeg","https://admin.checkscam.vn/phan-khoii/"
265,"Thái Đăng Quân","https://admin.checkscam.vn/wp-content/uploads/2025/08/Screenshot_2-6-100x100.jpg","https://admin.checkscam.vn/thai-dang-quan/"
266,"Nguyễn Đình Hậu","https://admin.checkscam.vn/wp-content/uploads/2025/08/IMG_8214-Dhau-Shop-100x100.jpeg","https://admin.checkscam.vn/nguyen-dinh-hau/"
267,"Phạm Quang Huy","https://admin.checkscam.vn/wp-content/uploads/2025/08/IMG_5565-Huy-Be-100x100.jpeg","https://admin.checkscam.vn/pham-quang-huy/"
268,"Phạm Quân","https://admin.checkscam.vn/wp-content/uploads/2025/08/Screenshot_1-13-100x100.jpg","https://admin.checkscam.vn/pham-quan/"
269,"Nguyễn Minh Thành","https://admin.checkscam.vn/wp-content/uploads/2025/09/IMG_0007-Thanh-Nguyen-Minh-100x100.jpeg","https://admin.checkscam.vn/nguyen-minh-thanh/"
270,"Đức Trí","https://admin.checkscam.vn/wp-content/uploads/2025/09/IMG_20250713_001740-Duc-Tri-dtri-100x100.jpg","https://admin.checkscam.vn/duc-tri/"
271,"Trần Nga","https://admin.checkscam.vn/wp-content/uploads/2025/09/607c6fec88aaf4be31fe971b93883559-Trang-N-100x100.jpeg","https://admin.checkscam.vn/tran-nga/"
272,"Changg Changg","https://admin.checkscam.vn/wp-content/uploads/2025/09/IMG_2153-Changg-Changg-100x100.jpeg","https://admin.checkscam.vn/changg-changg/"
273,"Lương Thế Hoàng","https://admin.checkscam.vn/wp-content/uploads/2025/09/Screenshot_2-2-100x100.jpg","https://admin.checkscam.vn/luong-the-hoang/"
274,"Thùy Trâm","https://admin.checkscam.vn/wp-content/uploads/2025/10/z7240496167418_ccfe2a998c1845088b308834b84513b0-100x100.jpg","https://admin.checkscam.vn/dang-thuy-tram/"
275,"Trịnh Xuân Nghĩa","https://admin.checkscam.vn/wp-content/uploads/2025/10/000-600x600-tich-tim-Nghia-Trinh-Xuan-100x100.png","https://admin.checkscam.vn/trinh-xuan-nghia/"
276,"Nguyễn Đình Thương","https://admin.checkscam.vn/wp-content/uploads/2025/10/z7119955817515_81d1dc676bc47b0c98f80d95ebfe844f-100x100.jpg","https://admin.checkscam.vn/nguyen-dinh-thuong/"
277,"Nguyễn Hải Hà","https://admin.checkscam.vn/wp-content/uploads/2025/11/z7211230903945_c774b89a9d43803fdb81956df1903c9b-100x100.jpg","https://admin.checkscam.vn/hai-ha/"
278,"Lê Ngọc Tuấn","https://admin.checkscam.vn/wp-content/uploads/2025/11/z7219845053010_2b9e3f5eaf7358f1159dc8b9fd3a906f-Ngoc-Tuan-le-100x100.jpg","https://admin.checkscam.vn/le-ngoc-tuan/"
279,"Trần Võ La Thăng","https://admin.checkscam.vn/wp-content/uploads/2025/12/Screenshot_3-100x100.jpg","https://admin.checkscam.vn/tran-vo-la-thang/"
280,"Phạm Việt Anh","https://admin.checkscam.vn/wp-content/uploads/2025/12/IMG_1661-vanhpham25-100x100.jpeg","https://admin.checkscam.vn/pham-viet-anh/"
281,"Đỗ Tiến Giang","https://admin.checkscam.vn/wp-content/uploads/2025/12/IMG_0198-Dung-100x100.jpeg","https://admin.checkscam.vn/do-tien-giang/"
282,"Thuỳ Linh","https://admin.checkscam.vn/wp-content/uploads/2025/12/z7378509940517_3a1a8b0e8268f1c35aadeebcc1d464c3-Lynh-Nguyen-100x100.jpg","https://admin.checkscam.vn/thuy-linh/"
283,"Minh Tâm","https://admin.checkscam.vn/wp-content/uploads/2025/12/Screenshot_1-2-100x100.jpg","https://admin.checkscam.vn/minh-tam/"
284,"Nguyễn Phúc","https://admin.checkscam.vn/wp-content/uploads/2025/12/IMG_3230-Phuc-Nguyen-100x100.jpg","https://admin.checkscam.vn/nguyen-phuc/"
285,"Lê Văn Thế","https://admin.checkscam.vn/wp-content/uploads/2025/12/IMG_4758-The-VPS-100x100.jpeg","https://admin.checkscam.vn/le-van-the/"
286,"Bùi Anh Tuấn","https://admin.checkscam.vn/wp-content/uploads/2025/12/z7493489303150_10aa5d037dd75e246bac2072b258c46e-100x100.jpg","https://admin.checkscam.vn/bui-tuan/"
287,"Nguyễn Văn Tường","https://admin.checkscam.vn/wp-content/uploads/2025/12/IMG_1695-Tuong-Nguyen-100x100.jpeg","https://admin.checkscam.vn/nguyen-van-tuong/"
288,"Hoàng Long","https://admin.checkscam.vn/wp-content/uploads/2026/01/Screenshot_1-100x100.jpg","https://admin.checkscam.vn/hoang-long/"
289,"Nguyễn Bảo Khánh","https://admin.checkscam.vn/wp-content/uploads/2026/01/IMG_3213-Nguyen-bao-khanh-Ok-100x100.jpeg","https://admin.checkscam.vn/nguyen-bao-khanh/"
290,"Nguyễn Hậu","https://admin.checkscam.vn/wp-content/uploads/2026/01/1767607617759-Huong-Nguyen-100x100.jpg","https://admin.checkscam.vn/nguyen-hau/"
291,"Lưu Thị Tuyết Phượng","https://admin.checkscam.vn/wp-content/uploads/2026/01/z7400346840637_56b604b1b670a03d2840dd01da59268b-Phuong-Luu-Thi-Tuyet-100x100.jpg","https://admin.checkscam.vn/luu-thi-tuyet-phuong/"
292,"Nguyễn Kiên Chung","https://admin.checkscam.vn/wp-content/uploads/2026/01/IMG_1725-Kien-Chugnk-100x100.jpeg","https://admin.checkscam.vn/nguyen-kien-chung/"
293,"Nguyễn Phương","https://admin.checkscam.vn/wp-content/uploads/2026/01/Screenshot_2-1-100x100.jpg","https://admin.checkscam.vn/nguyen-phuong/"
294,"Trọng Toại","https://admin.checkscam.vn/wp-content/uploads/2026/01/att.GiPSCyF32CNcUFsNDhd8wARrvzGtdMqrRQpYC-CpcDY-Quang-Hoang-Trong-Toai-100x100.jpeg","https://admin.checkscam.vn/trong-toai/"
295,"Tùng Hùng","https://admin.checkscam.vn/wp-content/uploads/2026/01/5AB47FFD-0EB0-4CE5-B0CD-2187D6917A4C-Hai-Tongvan-100x100.jpeg","https://admin.checkscam.vn/tung-hung/"
296,"Thanh Nam","https://admin.checkscam.vn/wp-content/uploads/2026/01/Screenshot_1-7-100x100.jpg","https://admin.checkscam.vn/thanh-nam/"
297,"Nguyễn Minh Hiển","https://admin.checkscam.vn/wp-content/uploads/2026/01/IMG_20260112_161850-Hien-Nguyen-100x100.jpg","https://admin.checkscam.vn/nguyen-minh-hien/"
298,"Tuấn Thái Bình","https://admin.checkscam.vn/wp-content/uploads/2026/01/z7423054951498_a3124c09aad5b783be77bb1080ed0317-Tuan-Anh-Vu-100x100.jpg","https://admin.checkscam.vn/tuan-thai-binh/"
299,"Xu Ka","https://admin.checkscam.vn/wp-content/uploads/2026/01/IMG_4977-Yen-Mai-100x100.jpeg","https://admin.checkscam.vn/xu-ka/"
300,"Phạm Trung Dũng","https://admin.checkscam.vn/wp-content/uploads/2026/01/IMG_0313-Trung-Dung-Pham-100x100.jpeg","https://admin.checkscam.vn/pham-trung-dung/"
301,"Nguyễn Thành Long","https://admin.checkscam.vn/wp-content/uploads/2026/01/Screenshot_1-11-100x100.jpg","https://admin.checkscam.vn/nguyen-thanh-long/"
302,"Nguyễn Minh Dũng","https://admin.checkscam.vn/wp-content/uploads/2026/01/IMG_6589-Dung-Nguyen-100x100.jpeg","https://admin.checkscam.vn/nguyen-minh-dung/"
303,"Nguyễn Hữu Bảy","https://admin.checkscam.vn/wp-content/uploads/2026/01/z7439739377113_b1e267ed24d66510c050183e1319f402-Bay-nguyen-100x100.jpg","https://admin.checkscam.vn/nguyen-huu-bay/"
304,"Khắc Văn Huy","https://admin.checkscam.vn/wp-content/uploads/2026/01/Screenshot_1-14-100x100.jpg","https://admin.checkscam.vn/khac-van-huy/"
305,"Best Kai","https://admin.checkscam.vn/wp-content/uploads/2026/01/Screenshot_1-15-100x100.jpg","https://admin.checkscam.vn/best-kai/"
306,"Vi Thanh Trường","https://admin.checkscam.vn/wp-content/uploads/2026/01/IMG_0928-Truong-100x100.jpeg","https://admin.checkscam.vn/vi-thanh-truong/"
307,"Nguyễn Phi Hùng","https://admin.checkscam.vn/wp-content/uploads/2026/01/613711485_843545818498474_3025992974665613557_n-Hung-Nguyen-Phi-100x100.jpg","https://admin.checkscam.vn/nguyen-phi-hung/"
308,"Vũ Mạnh Hòa","https://admin.checkscam.vn/wp-content/uploads/2026/01/Screenshot_1-16-100x100.jpg","https://admin.checkscam.vn/vu-manh-hoa/"
309,"Nguyễn Tuấn Hạ","https://admin.checkscam.vn/wp-content/uploads/2026/01/z7448074645325_32ef79c38cbf1efdb84f48d6de1e5025-Nguyen-Tuan-Ha-100x100.jpg","https://admin.checkscam.vn/nguyen-tuan-ha/"
310,"Nguyễn Hoàng Anh Tuấn","https://admin.checkscam.vn/wp-content/uploads/2026/01/IMG_4274-tuan-nguyen-100x100.jpeg","https://admin.checkscam.vn/nguyen-hoang-anh-tuan/"
311,"Trần Trung Khôi","https://admin.checkscam.vn/wp-content/uploads/2026/01/att.Pkd6AgzTJcp5Ons0ZOV2Fvmsi16EJZ8IHHOv6Y13oE4-Khoi-Tran-100x100.jpeg","https://admin.checkscam.vn/tran-trung-khoi/"
312,"Nguyễn Quang Tâm","https://admin.checkscam.vn/wp-content/uploads/2026/01/z7479997376024_0c341b1c149801d2088a8bae7a168ac0-100x100.jpg","https://admin.checkscam.vn/nguyen-quang-tam/"
313,"Đặng Văn Đoàn","https://admin.checkscam.vn/wp-content/uploads/2026/02/IMG_6442-Doan-Dang-van-100x100.jpeg","https://admin.checkscam.vn/dang-van-doan/"